{
  "order": [
    1,
    1,
    2
  ],
  "mae": 619990.7267108004,
  "rmse": 861019.0003813019,
  "mape": 1305.1511679788816,
  "r2": -0.9559701869735333
}