model,mae,rmse,mape,r2
xgboost,586725.6966666667,796189.4776621264,1201.3454694657644,-0.6725134841262728
arima,619990.7267108004,861019.0003813019,1305.1511679788816,-0.9559701869735333
