{
  "mae": 586725.6966666667,
  "rmse": 796189.4776621264,
  "mape": 1201.3454694657644,
  "r2": -0.6725134841262728
}