{
  "accuracy": 0.997,
  "precision": 0.9970282317979198,
  "recall": 0.9985119047619048,
  "f1_score": 0.9977695167286246,
  "roc_auc": 0.9999909262485482,
  "confusion_matrix": [
    [
      326,
      2
    ],
    [
      1,
      671
    ]
  ]
}